id,first_name,last_name,email,gender,city
1,Herta,Ticehurst,hticehurst0@kickstarter.com,Female,Monastyryshche
2,Mord,Dulton,mdulton1@oaic.gov.au,Bigender,Middelburg
3,Seumas,Orrell,sorrell2@blogtalkradio.com,Male,Kyzyl-Kyya
4,Fax,Shafe,fshafe3@apache.org,Male,Kampong Speu
5,Kenn,Van Hove,kvanhove4@artisteer.com,Male,Vila Franca do Campo
6,Abbot,Romanelli,aromanelli5@gov.uk,Male,Ed
7,Terri-jo,Sokale,tsokale6@nih.gov,Female,Tetyushi
8,Fitz,Bloss,fbloss7@webeden.co.uk,Male,Shajing
9,Rozella,Imloch,rimloch8@ca.gov,Female,Birqīn
10,Merrily,De Blase,mdeblase9@ovh.net,Bigender,Libertad
11,Gale,Credland,gcredlanda@tmall.com,Male,Marigot
12,Erda,Kloser,ekloserb@canalblog.com,Agender,Imġarr
13,Delores,Jeannaud,djeannaudc@seesaa.net,Female,Wonorejo
14,Horatius,Victoria,hvictoriad@barnesandnoble.com,Male,Jiyukou
15,Lizzie,Catonnet,lcatonnete@bluehost.com,Female,Napierville
16,Nicolais,Blundon,nblundonf@prlog.org,Genderqueer,Santiago
17,Lelah,Nollet,lnolletg@mediafire.com,Female,Maradi
18,Huberto,Vivien,hvivienh@weebly.com,Male,Bentiu
19,Catie,Wellfare,cwellfarei@chicagotribune.com,Female,Xixi
20,Emmet,Chilles,echillesj@msu.edu,Male,Zaïo
21,Ximenez,Sirl,xsirlk@washingtonpost.com,Male,Hobo
22,Humfrid,Dibner,hdibnerl@usatoday.com,Male,Mojo
23,Joleen,Cartner,jcartnerm@home.pl,Female,Gardēz
24,Kerrin,Curson,kcursonn@intel.com,Agender,Centro Habana
25,Adair,Cutchey,acutcheyo@homestead.com,Male,Pefkochóri
26,Lebbie,Sherrard,lsherrardp@t-online.de,Female,Casais Brancos
27,Siegfried,Wither,switherq@tripod.com,Male,Karakabak
28,Arnoldo,Hinge,ahinger@hibu.com,Male,Yezhi
29,Nevsa,Kift,nkifts@japanpost.jp,Female,Jubaoshan
30,Parker,Michin,pmichint@wikia.com,Male,Tanashichō
31,Nealson,Chatell,nchatellu@4shared.com,Male,Khvastovichi
32,Helaine,Atwill,hatwillv@sakura.ne.jp,Female,Cẩm Phả
33,Romona,Wycliff,rwycliffw@ustream.tv,Female,Limeil-Brévannes
34,Leslie,Beningfield,lbeningfieldx@oakley.com,Male,Maria
35,Ramsay,Wolfer,rwolfery@netscape.com,Male,Ngama
36,Amos,Goodwell,agoodwellz@dailymail.co.uk,Male,Paderne
37,Therese,Berk,tberk10@desdev.cn,Female,São Marcos
38,Antonetta,Rissen,arissen11@forbes.com,Female,Shuishaping
39,Lisa,Arnley,larnley12@apple.com,Female,Ferreiras
40,Olwen,Bagshaw,obagshaw13@moonfruit.com,Female,Salamwates
41,Sheelagh,Birnie,sbirnie14@domainmarket.com,Non-binary,Mežica
42,Elmo,Carriage,ecarriage15@spiegel.de,Male,Mahanoro
43,Jobey,Gerrans,jgerrans16@mapquest.com,Female,Tsirang
44,Mariel,Izhak,mizhak17@histats.com,Female,Bystra
45,Rene,Ridgedell,rridgedell18@army.mil,Male,Krasnoye
46,Eirena,Easter,eeaster19@twitter.com,Female,Palikir - National Government Center
47,Johnny,Filippo,jfilippo1a@tinyurl.com,Male,Sandnes
48,Briney,McLeman,bmcleman1b@quantcast.com,Female,Jujur
49,Ginnie,Handrek,ghandrek1c@irs.gov,Female,Barabedang
50,Cassandre,McNirlan,cmcnirlan1d@wordpress.org,Female,Marseille
51,Ricky,Penas,rpenas1e@senate.gov,Female,Khovd
52,Laura,Garfield,lgarfield1f@webnode.com,Female,Kasingan
53,Grissel,Sharpless,gsharpless1g@newyorker.com,Agender,White River
54,Irwin,Fieldhouse,ifieldhouse1h@mayoclinic.com,Male,Cambrai
55,Hyatt,Sigge,hsigge1i@blogs.com,Male,Karkkila
56,Silas,Stang-Gjertsen,sstanggjertsen1j@mail.ru,Male,Mistřice
57,Stavro,Sconce,ssconce1k@hud.gov,Male,Lubei
58,Lilly,Fortoun,lfortoun1l@constantcontact.com,Agender,Narita
59,Maighdiln,Butson,mbutson1m@163.com,Female,Stockholm
60,Lynnea,Cesco,lcesco1n@tiny.cc,Female,Glazov
61,Adelaide,Jocelyn,ajocelyn1o@youku.com,Female,Qianjin
62,Gay,Batey,gbatey1p@thetimes.co.uk,Male,Cadiz
63,Cece,Papps,cpapps1q@reuters.com,Male,Torbeyevo
64,Bent,Ainsworth,bainsworth1r@livejournal.com,Male,Oke Ila
65,Aggy,Cardoe,acardoe1s@myspace.com,Female,Parnamirim
66,Beauregard,Randalson,brandalson1t@whitehouse.gov,Male,Rodhítsa
67,Juliann,Emerson,jemerson1u@w3.org,Female,Krajan
68,Waneta,Hebbron,whebbron1v@fc2.com,Female,Banqiao
69,Corabel,Potkins,cpotkins1w@google.ca,Female,Sikur
70,Trent,Duligal,tduligal1x@wordpress.com,Male,Debe
71,Court,Polsin,cpolsin1y@purevolume.com,Male,Yuqunweng
72,Tricia,Gabby,tgabby1z@surveymonkey.com,Female,Gävle
73,Kris,Freiberg,kfreiberg20@parallels.com,Female,Fantan
74,Charisse,Ropp,cropp21@creativecommons.org,Female,Baqiao
75,Dill,Klimsch,dklimsch22@multiply.com,Male,Ban Fang
76,Iona,Strangeways,istrangeways23@bloglovin.com,Female,Mashan
77,Shermie,McGarrity,smcgarrity24@yandex.ru,Male,Bhiria
78,Zak,Downey,zdowney25@princeton.edu,Male,Rungis
79,Towney,Mauchline,tmauchline26@howstuffworks.com,Male,Houbai
80,Emelita,Lincey,elincey27@apple.com,Female,Loyola
81,Mickie,Mabbs,mmabbs28@addtoany.com,Male,São Sebastião
82,Evvie,McDowell,emcdowell29@flavors.me,Female,Anta
83,Kurtis,Dominighi,kdominighi2a@usgs.gov,Agender,Lenakapa
84,Gretta,Bernaert,gbernaert2b@mayoclinic.com,Female,Ar Ramthā
85,Elna,Pyett,epyett2c@msu.edu,Polygender,Quevedo
86,Riva,Curgenven,rcurgenven2d@usgs.gov,Female,Lantian
87,Ginger,McRobert,gmcrobert2e@mapquest.com,Female,Khirdalan
88,Artus,Terne,aterne2f@ox.ac.uk,Male,Lahān
89,Karolina,Fredi,kfredi2g@aol.com,Female,Mainit
90,Delaney,Orrick,dorrick2h@samsung.com,Male,Kaseda-shirakame
91,Arvy,Ashdown,aashdown2i@hugedomains.com,Male,Sauce
92,Gustavus,Thor,gthor2j@alibaba.com,Male,Az̧ Z̧alī‘ah
93,Jarid,Mattheis,jmattheis2k@cam.ac.uk,Male,Retiro
94,Ragnar,Mudle,rmudle2l@moonfruit.com,Male,Nong Chik
95,Helaine,Staniforth,hstaniforth2m@spiegel.de,Female,Wan Yai
96,Fawnia,Briatt,fbriatt2n@nbcnews.com,Female,Almeirim
97,Xylina,Snalham,xsnalham2o@a8.net,Female,General Luna
98,Nathaniel,Genthner,ngenthner2p@nba.com,Male,Roanoke
99,Lyn,Byford,lbyford2q@nature.com,Bigender,Berdyans’k
100,Rianon,Ranken,rranken2r@unicef.org,Female,Inda Silasē
101,Zacharie,Basilio,zbasilio2s@microsoft.com,Male,Szydłowo
102,Farlay,Wardhaw,fwardhaw2t@trellian.com,Male,Mach
103,Lorinda,Studman,lstudman2u@fc2.com,Female,Cigalontang
104,Joshua,Jeffery,jjeffery2v@ask.com,Male,Lille
105,Tammy,Petworth,tpetworth2w@rakuten.co.jp,Non-binary,San Miguel Ixtahuacán
106,Tye,Bauldry,tbauldry2x@va.gov,Male,Buliran
107,Phillipe,Lockless,plockless2y@tumblr.com,Genderqueer,Lisków
108,Elladine,Vannah,evannah2z@statcounter.com,Female,Bonthe
109,Isaac,Tree,itree30@tinyurl.com,Male,Hongmiao
110,Anthia,Castro,acastro31@amazonaws.com,Female,Oeleon
111,Christopher,Kloster,ckloster32@yahoo.co.jp,Male,Xianyang
112,Putnam,Cunio,pcunio33@unblog.fr,Male,Aykol
113,Garland,Doll,gdoll34@friendfeed.com,Female,Chrysoúpolis
114,Jeanne,Neillans,jneillans35@disqus.com,Female,Xijia
115,Tobiah,Bohike,tbohike36@mlb.com,Male,Lincoln
116,Kaylyn,Harback,kharback37@huffingtonpost.com,Female,Alderetes
117,Brennan,McElree,bmcelree38@shutterfly.com,Male,Dazu
118,Micky,Blacktin,mblacktin39@spotify.com,Female,Matozinhos
119,Gideon,Meininking,gmeininking3a@yahoo.com,Male,Taihu
120,Ursulina,Bundock,ubundock3b@networksolutions.com,Female,Havana
121,Hoyt,Covendon,hcovendon3c@archive.org,Male,Abū Sunbul
122,Courtney,Levermore,clevermore3d@xrea.com,Male,Rozhdestveno
123,Charlton,Joannet,cjoannet3e@youtube.com,Male,Nagutskoye
124,Ronnie,Jeanenet,rjeanenet3f@drupal.org,Male,Miaoxi
125,Lorelle,Rodolf,lrodolf3g@simplemachines.org,Female,Aktogay
126,Gaspard,Scapens,gscapens3h@livejournal.com,Male,Langqi
127,Gussi,Summersby,gsummersby3i@mozilla.org,Female,Gaoyu
128,Barny,Lorrimer,blorrimer3j@tripadvisor.com,Male,Caluya
129,Finlay,Bernardes,fbernardes3k@icio.us,Male,Kolumbug
130,Ester,Godmar,egodmar3l@amazon.com,Female,Novozybkov
131,Evey,Connah,econnah3m@live.com,Genderfluid,Jiaozuo
132,Nolly,Chaperlin,nchaperlin3n@alexa.com,Male,Guali
133,Freddy,Obal,fobal3o@apple.com,Male,Novyy Starodub
134,Abner,Pickerill,apickerill3p@aboutads.info,Male,Shiozawa
135,Brooks,Belin,bbelin3q@squarespace.com,Male,Balatun
136,Henri,Helgass,hhelgass3r@xing.com,Male,Mahābād
137,Booth,Clashe,bclashe3s@stumbleupon.com,Male,Johanneshov
138,Natalya,Touhig,ntouhig3t@mozilla.org,Non-binary,Kansas City
139,Caresa,Frankcombe,cfrankcombe3u@jimdo.com,Female,Tierra Blanca
140,Madonna,De Gregoli,mdegregoli3v@discovery.com,Female,Dyurtyuli
141,Hadleigh,O'Lagen,holagen3w@google.it,Male,Valeirinha
142,Virgie,Vedikhov,vvedikhov3x@house.gov,Polygender,Fanrong
143,Bryan,Rupke,brupke3y@aboutads.info,Male,Genova
144,Wilbur,Gummow,wgummow3z@weather.com,Male,Alicia
145,Hester,MacIlraith,hmacilraith40@cam.ac.uk,Female,Zhonghechang
146,Jamie,Willshire,jwillshire41@vk.com,Male,Babakankadu
147,Blinni,Ortner,bortner42@nyu.edu,Female,Huajie
148,West,Sirmond,wsirmond43@bizjournals.com,Male,Kostel
149,Joletta,Masterton,jmasterton44@va.gov,Female,Philadelphia
150,Aubree,Busen,abusen45@blog.com,Bigender,Bourg-en-Bresse
151,Rafaellle,Santus,rsantus46@soup.io,Male,Chuangye
152,Bev,Bannerman,bbannerman47@yahoo.co.jp,Female,Guadalupe
153,Dwain,Cavilla,dcavilla48@addtoany.com,Male,Chornomors’ke
154,Ilysa,Le Borgne,ileborgne49@google.it,Female,Ouangani
155,Carlotta,Gerrans,cgerrans4a@scribd.com,Female,Vilémov
156,Lanie,Turneaux,lturneaux4b@google.fr,Male,Alangalang
157,Adriana,Ivanenkov,aivanenkov4c@hugedomains.com,Female,Plaisir
158,Cassondra,Barnard,cbarnard4d@hostgator.com,Non-binary,Da Nang
159,Leland,Dunning,ldunning4e@reuters.com,Male,Zhuhong
160,Catharina,Gooly,cgooly4f@dagondesign.com,Female,Tonj
161,Shalom,Gorthy,sgorthy4g@google.fr,Male,Shuizhai
162,Irwin,Cahalan,icahalan4h@fda.gov,Male,Pogonsili
163,Minetta,Ivashnikov,mivashnikov4i@unesco.org,Polygender,Narawayong
164,Augustus,Harrigan,aharrigan4j@sohu.com,Male,Nowa Dęba
165,Sim,Gronous,sgronous4k@biblegateway.com,Bigender,Jardín América
166,Boris,Tanton,btanton4l@ameblo.jp,Male,Bahía de Caráquez
167,Christal,Tuckley,ctuckley4m@vistaprint.com,Genderfluid,Wufeng
168,Urban,Acock,uacock4n@go.com,Male,Thị Trấn Nghèn
169,Ninette,Aukland,naukland4o@gmpg.org,Female,Clearwater
170,Sayer,Leber,sleber4p@cnn.com,Male,Kalvola
171,Storm,Seeborne,sseeborne4q@microsoft.com,Female,Donghe
172,Hugo,Heaton,hheaton4r@utexas.edu,Male,Jamundí
173,Brice,Neave,bneave4s@fastcompany.com,Male,Rangxi
174,Sofia,Polsin,spolsin4t@army.mil,Female,Shemonaīkha
175,Freddie,Gisbourn,fgisbourn4u@marketwatch.com,Male,Dollard-Des Ormeaux
176,Darcey,Cranke,dcranke4v@surveymonkey.com,Polygender,Alvesta
177,Simonette,Norwood,snorwood4w@behance.net,Female,Khorlovo
178,Libbey,Galland,lgalland4x@shinystat.com,Non-binary,Diang
179,Lyell,Satch,lsatch4y@bandcamp.com,Agender,Tillabéri
180,Lou,O' Mahony,lomahony4z@deviantart.com,Agender,Al Jawf
181,Claudine,Kiss,ckiss50@go.com,Female,Shensuo
182,Yolanthe,Heathcote,yheathcote51@nhs.uk,Female,Brodósqui
183,Ches,Scarsbrook,cscarsbrook52@behance.net,Male,Nāgarpur
184,Delcina,Gilhool,dgilhool53@instagram.com,Female,Al Ma‘allā’
185,Glennie,Quinnet,gquinnet54@infoseek.co.jp,Female,Sainte-Sophie
186,Virgilio,Capin,vcapin55@google.com.hk,Male,Puerto Cisnes
187,Damara,Saunder,dsaunder56@google.co.uk,Female,Novosineglazovskiy
188,Gerty,McKew,gmckew57@dyndns.org,Female,Esquina
189,Crawford,MacShane,cmacshane58@blogspot.com,Male,Riolândia
190,Cthrine,Phizackerly,cphizackerly59@desdev.cn,Female,Nangkasari
191,Barry,Camolli,bcamolli5a@newyorker.com,Female,Zama
192,Claribel,Godwyn,cgodwyn5b@yelp.com,Female,Dapaong
193,Chuck,Gutowska,cgutowska5c@elpais.com,Male,Simnas
194,Jeniffer,Beresfore,jberesfore5d@bravesites.com,Female,Telnice
195,Annabelle,MacFall,amacfall5e@booking.com,Female,Gelin
196,Clarance,Melbourn,cmelbourn5f@taobao.com,Male,Glugur Tengah
197,Guthrie,Noods,gnoods5g@buzzfeed.com,Male,El Hamma
198,Brinn,Manston,bmanston5h@hostgator.com,Female,Yanmen
199,Dyanna,Spragg,dspragg5i@infoseek.co.jp,Female,Szeged
200,Braden,Tissell,btissell5j@unicef.org,Male,Svyatogorsk
201,Chrisy,Cowans,ccowans5k@wikimedia.org,Male,Yuexi
202,Siffre,Stirton,sstirton5l@alexa.com,Male,Xinghuo
203,Maynard,Brotherhood,mbrotherhood5m@dell.com,Agender,Bara Datu
204,Valentia,Marsay,vmarsay5n@army.mil,Female,Nanyuan
205,Hildagarde,Paulitschke,hpaulitschke5o@comcast.net,Female,Mamonovo
206,Clem,Bolens,cbolens5p@unblog.fr,Male,Florida
207,Jareb,Ploughwright,jploughwright5q@mayoclinic.com,Male,Pitangui
208,Lillis,Lindholm,llindholm5r@nhs.uk,Female,Dzhalka
209,Laurice,Baum,lbaum5s@boston.com,Female,Sabá
210,Jessie,Christoffels,jchristoffels5t@businesswire.com,Male,Primorsk
211,Lillis,Bakesef,lbakesef5u@wisc.edu,Female,Candoso
212,Jess,Goadbie,jgoadbie5v@pinterest.com,Male,Minneapolis
213,Franny,Barnewell,fbarnewell5w@spotify.com,Male,Borovskoy
214,Skyler,Bruhnke,sbruhnke5x@bravesites.com,Male,Sobreda
215,Jillian,Rugieri,jrugieri5y@berkeley.edu,Female,Senj
216,Claudie,Bedrosian,cbedrosian5z@unesco.org,Female,Larap
217,Horace,D'orsay,hdorsay60@imgur.com,Male,Sinchao
218,Wells,Gleadhell,wgleadhell61@mysql.com,Male,Santa Apolonia
219,Deeann,Barclay,dbarclay62@spiegel.de,Female,Gammad
220,Aleta,Staziker,astaziker63@indiatimes.com,Female,El Nido
221,Almeria,Ruoss,aruoss64@acquirethisname.com,Female,Yessentukskaya
222,Richy,Camoys,rcamoys65@blogtalkradio.com,Male,Palmital
223,Dayle,Rubie,drubie66@google.co.uk,Female,Kuala Terengganu
224,Ara,Bruni,abruni67@php.net,Genderfluid,Ārifwāla
225,Karlee,O'Hengerty,kohengerty68@linkedin.com,Female,Saint-Leu-la-Forêt
226,Rosette,Nuzzti,rnuzzti69@yandex.ru,Female,Bang Phlat
227,Beckie,Seiffert,bseiffert6a@nyu.edu,Female,Anniston
228,Felicia,Saward,fsaward6b@flickr.com,Female,Baiyun
229,Natala,Saiz,nsaiz6c@scientificamerican.com,Female,Cikotok
230,Darrel,Trowle,dtrowle6d@blogger.com,Male,Guzhen
231,Zacharias,McFade,zmcfade6e@princeton.edu,Male,Manzil Bū Zalafah
232,Ab,Rozet,arozet6f@wiley.com,Male,Vailoa
233,Dukie,Lacy,dlacy6g@amazon.co.jp,Male,Villeneuve-la-Garenne
234,Carlyle,Jakel,cjakel6h@jalbum.net,Male,Drzewica
235,Bonnee,Sheldrick,bsheldrick6i@sciencedirect.com,Female,Araras
236,Layney,Beaford,lbeaford6j@comsenz.com,Female,Mulifanua
237,Monty,Dellow,mdellow6k@netlog.com,Male,Pánormos
238,Ham,Biddwell,hbiddwell6l@photobucket.com,Male,Svenljunga
239,Gianni,Gilleson,ggilleson6m@ovh.net,Male,Zhangjiapan
240,Fania,Saice,fsaice6n@addthis.com,Female,Tres Isletas
241,Joey,Ouslem,jouslem6o@mozilla.org,Male,Hugang
242,Langsdon,Frantsev,lfrantsev6p@discuz.net,Male,Lorengau
243,Minny,Derisly,mderisly6q@google.ca,Female,Achanizo
244,Benjamin,Martusewicz,bmartusewicz6r@cbc.ca,Male,Gaborone
245,Garnette,Dargavel,gdargavel6s@mail.ru,Female,Clichy
246,Ethelind,Martinello,emartinello6t@topsy.com,Polygender,Hagfors
247,Vernen,Paolozzi,vpaolozzi6u@tripadvisor.com,Male,Knjazevac
248,Sloane,Stit,sstit6v@mediafire.com,Male,Shenglilu
249,Ryan,Willcocks,rwillcocks6w@twitpic.com,Male,Itabaiana
250,Frannie,Matzke,fmatzke6x@springer.com,Male,Fryčovice
251,Ferdinand,MacNockater,fmacnockater6y@sohu.com,Agender,Sokol
252,Bevan,Loughney,bloughney6z@illinois.edu,Male,Denver
253,Barnebas,Maccrea,bmaccrea70@engadget.com,Male,Huyu
254,Nerti,Rampley,nrampley71@yellowpages.com,Female,Tenggun Dajah
255,Renie,Hush,rhush72@indiatimes.com,Female,Desa Werasari
256,Dareen,Exelby,dexelby73@auda.org.au,Genderqueer,Sim
257,Sibley,De Dantesie,sdedantesie74@dyndns.org,Genderqueer,Pateh Sam
258,Zahara,Chicotti,zchicotti75@google.ru,Female,Songshu
259,Carmina,Hazeley,chazeley76@ovh.net,Female,Kungsbacka
260,Alyda,Stooders,astooders77@freewebs.com,Female,Banjar Dharmasemedi
261,Nye,Grosvenor,ngrosvenor78@nydailynews.com,Male,Wudil
262,Holly-anne,Duckhouse,hduckhouse79@constantcontact.com,Female,Petrovo-Dal’neye
263,Vinita,Valois,vvalois7a@vk.com,Female,Leomil
264,Ogdan,Donaghie,odonaghie7b@discuz.net,Male,Batanamang
265,Sabrina,Leopold,sleopold7c@geocities.com,Female,Sokolnice
266,Orel,Enbury,oenbury7d@examiner.com,Female,Olutanga
267,Nevile,Bangle,nbangle7e@netvibes.com,Male,Narsaq
268,Catherin,Adlard,cadlard7f@scientificamerican.com,Female,Cibojong
269,Karoline,Farrance,kfarrance7g@storify.com,Female,Colorado Springs
270,Wendall,Darrow,wdarrow7h@nih.gov,Male,Xinglin
271,Marrilee,Kloster,mkloster7i@yelp.com,Bigender,Lebane
272,Adi,Trendle,atrendle7j@123-reg.co.uk,Female,Tamamura
273,Julee,Medforth,jmedforth7k@kickstarter.com,Female,Payabon
274,Gabriella,Klyn,gklyn7l@wired.com,Bigender,Dandai
275,Loralyn,Tabner,ltabner7m@godaddy.com,Female,Shen’ao
276,Chicky,Camelin,ccamelin7n@addthis.com,Male,Tierp
277,Pet,Edelheit,pedelheit7o@earthlink.net,Female,Tiksi
278,Welsh,Stanistreet,wstanistreet7p@creativecommons.org,Male,Lucé
279,Junette,Ebsworth,jebsworth7q@is.gd,Agender,Zhigulevsk
280,Romonda,Bourrel,rbourrel7r@a8.net,Female,Boevange-sur-Attert
281,Amalle,Faithfull,afaithfull7s@storify.com,Female,Foumbot
282,Jammal,Woolam,jwoolam7t@bloglovin.com,Male,Jeffersonville
283,Anthia,Wisniowski,awisniowski7u@miibeian.gov.cn,Female,Tomaszów Mazowiecki
284,Fonz,Lias,flias7v@so-net.ne.jp,Male,Qal‘at Bīshah
285,Elaine,Ramalho,eramalho7w@wikispaces.com,Female,Sosnovka
286,Daven,Kielt,dkielt7x@vk.com,Male,Jiayuguan
287,Jeremie,Denisard,jdenisard7y@apple.com,Male,Hujirt
288,Bevan,Durrant,bdurrant7z@free.fr,Male,Kafr ash Shaykh
289,Berna,Tutt,btutt80@indiegogo.com,Female,Estrada
290,Christye,Piddocke,cpiddocke81@house.gov,Female,Spånga
291,Miguelita,Klagges,mklagges82@unicef.org,Female,Cachoeira do Sul
292,Lucienne,Mabbs,lmabbs83@timesonline.co.uk,Female,Bandar Pusat Jengka
293,Nicko,Shave,nshave84@sohu.com,Male,Herrera
294,Sholom,Shulem,sshulem85@nhs.uk,Male,Nikolo-Pavlovskoye
295,Carmela,Fairburne,cfairburne86@scribd.com,Female,Dzvinogrud
296,Daveta,Brownlow,dbrownlow87@xing.com,Female,Safed
297,Adolphe,Nelligan,anelligan88@exblog.jp,Male,Santa Luzia
298,Morey,Adenot,madenot89@behance.net,Male,Olopa
299,Letisha,O' Brian,lobrian8a@cnet.com,Female,Obršani
300,Alfonso,Zack,azack8b@jimdo.com,Male,Gilin
301,Darice,Shurlock,dshurlock8c@ft.com,Female,Qijing
302,Rolph,Bruna,rbruna8d@independent.co.uk,Male,Lypova Dolyna
303,Lea,Plover,lplover8e@elpais.com,Female,San Isidro
304,Alvira,Chill,achill8f@so-net.ne.jp,Female,Papakura
305,Milty,Coon,mcoon8g@yolasite.com,Male,Xiazhai
306,Guillermo,Baggallay,gbaggallay8h@shutterfly.com,Male,Kaduna
307,Loutitia,Loughrey,lloughrey8i@amazon.co.jp,Female,La Virtud
308,Nils,Ragbourn,nragbourn8j@salon.com,Male,Nanlu
309,Dunc,Grouse,dgrouse8k@dmoz.org,Male,Palmira
310,Frasier,Saxton,fsaxton8l@berkeley.edu,Male,Kankara
311,Xymenes,Lydster,xlydster8m@businessweek.com,Male,Panadtaban
312,Holmes,Patton,hpatton8n@illinois.edu,Male,Rača
313,Emmey,Gilliland,egilliland8o@google.com,Female,Thị Trấn Bắc Yên
314,Shepherd,Penhale,spenhale8p@wisc.edu,Male,Liulin
315,Lilyan,Newvill,lnewvill8q@amazon.com,Female,Tinta
316,Gerri,Lyfield,glyfield8r@accuweather.com,Male,Baddomalhi
317,Marieann,Iacabucci,miacabucci8s@cdc.gov,Female,Naghalin
318,Steffie,Morris,smorris8t@google.com,Female,Baimiao
319,Warde,Dowty,wdowty8u@nyu.edu,Male,Būlaevo
320,Angeli,Tayler,atayler8v@github.io,Male,Vila do Bispo
321,Andie,Rodolphe,arodolphe8w@1688.com,Male,Changzheng
322,Elysia,Kedslie,ekedslie8x@deliciousdays.com,Female,Pouébo
323,Rosy,Cotterell,rcotterell8y@joomla.org,Female,Oslo
324,Tabor,Pittel,tpittel8z@eventbrite.com,Male,Kasina Wielka
325,Lian,Andreix,landreix90@smugmug.com,Female,Pato Branco
326,Salome,Catling,scatling91@slashdot.org,Female,Dueñas
327,Cesya,Pauly,cpauly92@tumblr.com,Female,Ariguaní
328,Eilis,Ellsom,eellsom93@w3.org,Female,Boston
329,Bren,Kempstone,bkempstone94@omniture.com,Male,Ōmura
330,Rheba,Boggas,rboggas95@infoseek.co.jp,Female,Sendangrejo
331,Pete,Tisor,ptisor96@jigsy.com,Male,Hanghuadian
332,Basilio,Archibold,barchibold97@tripod.com,Male,Borisovka
333,Gweneth,Duthie,gduthie98@mashable.com,Female,Votuporanga
334,Alexine,Grzeskowski,agrzeskowski99@live.com,Female,Srunikrajan
335,Anton,Stoade,astoade9a@jimdo.com,Male,Damaturu
336,Chauncey,Rourke,crourke9b@live.com,Male,Bang Klam
337,Aloysia,Chester,achester9c@163.com,Female,Angered
338,Brittney,Mathouse,bmathouse9d@flickr.com,Female,Milán
339,Muffin,Litt,mlitt9e@ihg.com,Male,Idi Rayeuk
340,Gill,Agg,gagg9f@devhub.com,Male,San Vicente
341,Raye,Jerschke,rjerschke9g@va.gov,Agender,Yong’an
342,Michaeline,Denniston,mdenniston9h@miibeian.gov.cn,Female,Nha Trang
343,Hally,Binyon,hbinyon9i@flavors.me,Female,Sawangan
344,Delilah,Yarham,dyarham9j@acquirethisname.com,Female,Menol
345,Lulu,Hele,lhele9k@ebay.com,Female,Capalayan
346,Ara,Pilgram,apilgram9l@webnode.com,Genderfluid,Toki
347,Dannie,Clementet,dclementet9m@goodreads.com,Male,Caihe
348,Kerk,Boatwright,kboatwright9n@csmonitor.com,Male,Veghel
349,Garrott,Ribchester,gribchester9o@rakuten.co.jp,Male,Toroy
350,Pamelina,Dary,pdary9p@dot.gov,Female,Avranches
351,El,Sibson,esibson9q@nationalgeographic.com,Male,Dembéni
352,Basile,Jemmett,bjemmett9r@eventbrite.com,Male,Denton
353,Angeli,Dussy,adussy9s@ifeng.com,Male,Beskolen
354,Kenton,Jaxon,kjaxon9t@cnbc.com,Agender,Castlebridge
355,Isadore,Clausen-Thue,iclausenthue9u@whitehouse.gov,Male,Bago
356,Lissie,Paoli,lpaoli9v@un.org,Female,Huata
357,Rafaellle,Mattea,rmattea9w@unesco.org,Genderfluid,Zhanggongmiao
358,Levin,Rawls,lrawls9x@ow.ly,Male,Xiaolukou
359,Roselin,Wink,rwink9y@msu.edu,Female,Francisco Morato
360,Budd,Valentim,bvalentim9z@slashdot.org,Male,Kamieniec Ząbkowicki
361,Esme,Kleinplatz,ekleinplatza0@cdc.gov,Male,Pavia
362,Josie,Zoppie,jzoppiea1@quantcast.com,Female,Lgota Wielka
363,Bail,Feedham,bfeedhama2@soundcloud.com,Male,Loučná nad Desnou
364,Kristi,Lucien,kluciena3@scribd.com,Female,Stěbořice
365,Norina,Jellings,njellingsa4@forbes.com,Female,Slantsy
366,Lexine,Pentland,lpentlanda5@wordpress.org,Female,Saripin
367,Abbey,Haselwood,ahaselwooda6@businessinsider.com,Male,Maracanaú
368,Tan,Suttell,tsuttella7@gnu.org,Non-binary,Chenjiahe
369,Aubine,Taber,atabera8@purevolume.com,Female,Bolembre
370,Edna,Burberry,eburberrya9@bbc.co.uk,Non-binary,Anār Darah
371,Boycie,McKyrrelly,bmckyrrellyaa@nbcnews.com,Male,Gijon
372,Estelle,McTague,emctagueab@disqus.com,Female,Enniskerry
373,Aloin,Wile,awileac@sourceforge.net,Male,Jaciara
374,Delmer,Cratere,dcrateread@squidoo.com,Agender,Timrat
375,Rachael,Karp,rkarpae@gravatar.com,Genderqueer,Huyang
376,Lincoln,Grigor,lgrigoraf@dailymotion.com,Male,Tsimlyansk
377,Ragnar,Eggar,reggarag@chron.com,Male,Mafra
378,Ransom,Hendrix,rhendrixah@artisteer.com,Male,Palmas
379,Helaina,Clemo,hclemoai@tiny.cc,Female,Boshof
380,Maurise,Holgan,mholganaj@soundcloud.com,Male,Erdao
381,Nikki,Hannaford,nhannafordak@cornell.edu,Female,Valladolid
382,Salomi,MacNeish,smacneishal@whitehouse.gov,Female,Valbo
383,Drud,Splevin,dsplevinam@etsy.com,Male,Sendangkemulian
384,Lay,Biesterfeld,lbiesterfeldan@springer.com,Male,Cox’s Bāzār
385,Waylin,Galland,wgallandao@xinhuanet.com,Male,Boyarka
386,Crystie,Southorn,csouthornap@wikispaces.com,Female,Santo Domingo
387,Collen,Snailham,csnailhamaq@cam.ac.uk,Female,Quinta da Courela
388,Denni,Advani,dadvaniar@chronoengine.com,Polygender,Karanyowka
389,Stephanie,Dunne,sdunneas@multiply.com,Female,Aix-en-Provence
390,Alfons,Matys,amatysat@bluehost.com,Male,Karangtengah
391,Nelle,Almon,nalmonau@devhub.com,Female,Kadubincarung
392,Hamlin,Polamontayne,hpolamontayneav@house.gov,Male,Nentón
393,Abie,Olin,aolinaw@msu.edu,Male,Pueblo Nuevo
394,Dexter,Beining,dbeiningax@webmd.com,Male,Łaziska Górne
395,Kennan,Placstone,kplacstoneay@guardian.co.uk,Male,Hernando
396,Malissia,McCrostie,mmccrostieaz@npr.org,Female,Avarua
397,Harrie,Riply,hriplyb0@photobucket.com,Female,Sumbe
398,Park,Faiers,pfaiersb1@flavors.me,Male,Al Baqāliţah
399,Madalyn,Nana,mnanab2@marriott.com,Agender,El Triunfo
400,Rosemarie,Bentick,rbentickb3@de.vu,Agender,Várzea Alegre
401,Richmond,Odo,rodob4@chron.com,Male,Mehendiganj
402,Kylila,Hackly,khacklyb5@cyberchimps.com,Female,Goya
403,Brant,Bycraft,bbycraftb6@newyorker.com,Male,Batuidu
404,Gary,Inge,gingeb7@springer.com,Male,Oslo
405,Asia,Airlie,aairlieb8@tamu.edu,Female,Gevgelija
406,Hillery,Goch,hgochb9@usa.gov,Male,Jalgung
407,Cortney,Wilton,cwiltonba@abc.net.au,Female,Cortes
408,Inger,Carillo,icarillobb@mayoclinic.com,Male,Mekele
409,Boris,Sagerson,bsagersonbc@usgs.gov,Male,Nyköping
410,Meade,Snassell,msnassellbd@dyndns.org,Female,Darenzhuang
411,Rolland,Bamber,rbamberbe@phpbb.com,Male,Jarocin
412,Noland,Rubinsky,nrubinskybf@amazon.co.uk,Male,Lhari
413,Cassandra,Januszewski,cjanuszewskibg@amazon.co.uk,Female,N'Djamena
414,Dianna,Teale,dtealebh@godaddy.com,Female,Sandefjord
415,Rosalind,Aitken,raitkenbi@comsenz.com,Female,Ash Shajarah
416,Montague,Sillis,msillisbj@ifeng.com,Male,Jiangkou
417,Clemmy,Mulvihill,cmulvihillbk@delicious.com,Male,Rumelange
418,Lisbeth,Calabry,lcalabrybl@yellowpages.com,Female,Água Retorta
419,Florie,Rodden,froddenbm@yandex.ru,Female,Kryvichy
420,Bartholomew,Fleg,bflegbn@hubpages.com,Genderfluid,Sausa
421,Jania,Canavan,jcanavanbo@accuweather.com,Female,Barra Velha
422,Rurik,Epelett,repelettbp@shinystat.com,Male,Winduraja
423,Sancho,Shevlan,sshevlanbq@msu.edu,Male,Akhaldaba
424,Joane,Daubeny,jdaubenybr@blogspot.com,Non-binary,Thanh Nê
425,Ronnie,Steer,rsteerbs@prnewswire.com,Female,Fīrūzābād
426,Marlee,Sclanders,msclandersbt@shutterfly.com,Female,Novoaltaysk
427,Minnnie,Feehery,mfeeherybu@ucla.edu,Female,Alenquer
428,Wallas,Frid,wfridbv@psu.edu,Non-binary,Karangbadar Kidul
429,Jacquelyn,Plows,jplowsbw@squidoo.com,Female,Pingtian
430,Myron,Wilman,mwilmanbx@stumbleupon.com,Non-binary,Xukou
431,Rasia,Schrinel,rschrinelby@bloglovin.com,Female,Janiuay
432,Claudine,Stapforth,cstapforthbz@fda.gov,Female,Kupavna
433,Annetta,Bertram,abertramc0@oakley.com,Non-binary,Sölvesborg
434,Aron,Shinn,ashinnc1@who.int,Male,Thị Trấn Thuận Châu
435,Robin,Mander,rmanderc2@huffingtonpost.com,Female,Pessac
436,Cleavland,Bannister,cbannisterc3@fotki.com,Male,Piskivka
437,Karalee,Shury,kshuryc4@imgur.com,Female,Marmárion
438,Elora,Ransom,eransomc5@usa.gov,Female,Bogatynia
439,Gabriella,Rainbow,grainbowc6@tamu.edu,Female,Satte
440,Gusta,Berens,gberensc7@hp.com,Female,Rano
441,Blake,Missen,bmissenc8@utexas.edu,Female,Pumaqangtang
442,Conny,Kilner,ckilnerc9@artisteer.com,Female,Lillers
443,Royal,Stockau,rstockauca@google.com.br,Male,Kadubincarung
444,Hebert,Laxon,hlaxoncb@scientificamerican.com,Male,Xiaping
445,Klement,Blazewicz,kblazewiczcc@jugem.jp,Male,Yahil’nytsya
446,Marylee,Tolemache,mtolemachecd@seattletimes.com,Female,Luyi
447,Adolphus,Georgievski,ageorgievskice@wired.com,Male,La Aurora
448,Martin,Joost,mjoostcf@sakura.ne.jp,Male,Holice
449,Charisse,Mucklo,cmucklocg@lycos.com,Genderfluid,Pajak
450,Darline,Penvarden,dpenvardench@go.com,Female,Al Fujayrah
451,Renae,Treece,rtreececi@stanford.edu,Female,Santa Rosa
452,Tomkin,Spender,tspendercj@quantcast.com,Polygender,Barberena
453,Bebe,Davana,bdavanack@theatlantic.com,Female,Naprawa
454,Beverlee,Stillgoe,bstillgoecl@godaddy.com,Female,Del Pilar
455,Genvieve,Do,gdocm@economist.com,Female,Tobias Barreto
456,Filberto,Rives,frivescn@blog.com,Male,Tolomango
457,Alice,Frood,afroodco@studiopress.com,Female,Yongdong
458,Kearney,Bryden,kbrydencp@prweb.com,Male,Krajan Sale
459,Milzie,Fidoe,mfidoecq@digg.com,Female,Örebro
460,Jasun,Horick,jhorickcr@bbc.co.uk,Male,Padangpanjang
461,Robyn,Giurio,rgiuriocs@usda.gov,Female,Sabanitas
462,Cybil,Davidovsky,cdavidovskyct@latimes.com,Female,Al Ghayl
463,Enos,Pashen,epashencu@yale.edu,Male,Vannes
464,Fin,Toke,ftokecv@utexas.edu,Male,Debrzno
465,Lesli,Fouldes,lfouldescw@spiegel.de,Genderqueer,Vetluzhskiy
466,Jarrett,Kamienski,jkamienskicx@google.nl,Male,Aryiropoúlion
467,Brittni,Batkin,bbatkincy@guardian.co.uk,Female,Artsvanist
468,Davide,Castilla,dcastillacz@narod.ru,Male,Amucao
469,Colline,Woollaston,cwoollastond0@a8.net,Non-binary,Jixiang
470,Genevieve,Kenner,gkennerd1@narod.ru,Female,Tambaú
471,Alisa,Bettanay,abettanayd2@acquirethisname.com,Genderfluid,Valerianovsk
472,Lillian,Frake,lfraked3@statcounter.com,Female,Kimberley
473,Hailee,Bertl,hbertld4@dailymotion.com,Agender,Majan
474,Rosmunda,Bettinson,rbettinsond5@freewebs.com,Female,Pobé
475,Gwyn,Brake,gbraked6@hud.gov,Female,Chirkey
476,Schuyler,Gulland,sgullandd7@privacy.gov.au,Male,Hronov
477,Sherwynd,Lishman,slishmand8@admin.ch,Male,Kalajoki
478,Uriel,Grumley,ugrumleyd9@google.fr,Male,Zhangzhen
479,Camel,Macquire,cmacquireda@amazon.co.jp,Female,Lady Frere
480,Patsy,Roy,proydb@boston.com,Female,Stare Juchy
481,Letisha,Domnick,ldomnickdc@rakuten.co.jp,Female,Tangzhai
482,Horacio,Meechan,hmeechandd@360.cn,Male,Thị Trấn Phong Thổ
483,Cassie,Gillbee,cgillbeede@tripod.com,Male,Bacem
484,Wallie,Alpe,walpedf@moonfruit.com,Male,Uurainen
485,Aleta,Grivori,agrivoridg@e-recht24.de,Female,Länsi-Turunmaa
486,Quincey,Spark,qsparkdh@flickr.com,Male,Uppsala
487,Cointon,Weiss,cweissdi@skyrock.com,Male,Tubod
488,Graehme,Maylin,gmaylindj@1und1.de,Male,Santa Apolonia
489,Evered,Stegell,estegelldk@wsj.com,Male,Tonantins
490,Matteo,Napleton,mnapletondl@hubpages.com,Male,Bukowina Tatrzańska
491,Caddric,Itter,citterdm@youtu.be,Male,Wangjing
492,Loren,Huggill,lhuggilldn@goo.ne.jp,Male,Cuenca
493,Carita,Armstrong,carmstrongdo@cloudflare.com,Female,Kepoh
494,Oliver,McGrae,omcgraedp@vkontakte.ru,Male,Bungursari
495,Hillie,Roalfe,hroalfedq@icq.com,Male,Leles
496,Lyell,Walkling,lwalklingdr@earthlink.net,Male,Laya
497,Marybelle,O'Henery,moheneryds@1und1.de,Female,Grenoble
498,Eulalie,Piggot,epiggotdt@hubpages.com,Female,Monte da Pedra
499,Ford,Greenway,fgreenwaydu@mapquest.com,Male,Lukashin
500,Wright,Gabbitas,wgabbitasdv@columbia.edu,Male,Huntington
501,Sibylla,Frandsen,sfrandsendw@jalbum.net,Female,Roubaix
502,Gage,Genner,ggennerdx@imgur.com,Male,Kakhovka
503,Wylma,Sherringham,wsherringhamdy@sfgate.com,Genderfluid,Aldeia
504,Diana,Kellard,dkellarddz@rambler.ru,Agender,Pampas
505,Fidole,Storrier,fstorriere0@gmpg.org,Male,Las Matas de Farfán
506,Druci,Castledine,dcastledinee1@oracle.com,Female,Naqadeh
507,Con,Russo,crussoe2@skyrock.com,Female,Laohekou
508,Faunie,Costall,fcostalle3@digg.com,Female,Kantharalak
509,Ninnette,Thickett,nthickette4@scribd.com,Female,Kostrovo
510,Nananne,Loseke,nlosekee5@yahoo.co.jp,Bigender,Templeogue
511,Kellen,Nutty,knuttye6@ucsd.edu,Female,Mataguži
512,Stormy,Kerridge,skerridgee7@technorati.com,Female,Nungwi
513,Prisca,Chadband,pchadbande8@wunderground.com,Female,Yangjian
514,Courtnay,Allingham,callinghame9@alexa.com,Female,Priboj
515,Siana,Towne,stowneea@wikispaces.com,Agender,Tarumizu
516,Rodina,Brennen,rbrenneneb@sun.com,Female,Deán Funes
517,Jilly,Unwins,junwinsec@ucoz.ru,Female,Ogōri-shimogō
518,Ari,Weinham,aweinhamed@cbsnews.com,Male,New York City
519,Ansel,Gwillyam,agwillyamee@rediff.com,Male,Älvsjö
520,Giffy,Barrie,gbarrieef@deviantart.com,Male,Chichaoua
521,Leroi,Mattiello,lmattielloeg@unicef.org,Male,Sumberarumkrajan
522,Jenine,McCoughan,jmccoughaneh@spotify.com,Female,Şuraabad
523,Morlee,Inchcomb,minchcombei@creativecommons.org,Male,Górki
524,Chip,Thornton-Dewhirst,cthorntondewhirstej@census.gov,Male,Hornówek
525,Cortney,Luigi,cluigiek@etsy.com,Female,Tundagan
526,Julianne,Kraut,jkrautel@linkedin.com,Polygender,Valašská Bystřice
527,Isidor,Curtayne,icurtayneem@msn.com,Male,Vale de Rolas
528,Clarette,Ayce,cayceen@symantec.com,Female,Panay
529,Deeann,Popplestone,dpopplestoneeo@comsenz.com,Female,Aldeia da Mata
530,Carny,Staley,cstaleyep@chicagotribune.com,Male,Mombetsu
531,Mireielle,Spoerl,mspoerleq@tinypic.com,Female,Sundbyberg
532,Dulcinea,Tessier,dtessierer@flavors.me,Female,Ditsaan
533,Annabal,Romain,aromaines@nifty.com,Female,Ulichnoye
534,Steffi,Livsey,slivseyet@newsvine.com,Female,Baton Rouge
535,Cross,Sturge,csturgeeu@netvibes.com,Male,Pau
536,Enid,Butter,ebutterev@sbwire.com,Genderfluid,Malianzhuang
537,Darrelle,Silversmid,dsilversmidew@barnesandnoble.com,Female,Urechcha
538,Tildi,Gonin,tgoninex@ted.com,Female,El Jícaro
539,Curr,McKirton,cmckirtoney@tmall.com,Male,Gastello
540,Regina,Bowring,rbowringez@auda.org.au,Female,Zhangdian
541,Rodrique,Dionis,rdionisf0@va.gov,Male,Takai
542,Filide,Scanlon,fscanlonf1@xing.com,Female,Liqiao
543,Cecelia,Shorthouse,cshorthousef2@techcrunch.com,Female,Maple Plain
544,Lalo,Niess,lniessf3@nymag.com,Male,Svitlovods’k
545,Lorelei,Bromhead,lbromheadf4@pen.io,Female,Berat
546,Ingar,Archibald,iarchibaldf5@amazon.com,Male,Bugarama
547,Ban,Kohneke,bkohnekef6@ask.com,Male,Pārūn
548,Tomlin,Dibbs,tdibbsf7@netlog.com,Male,Dublin
549,Bella,Augustin,baugustinf8@epa.gov,Female,Stykkishólmur
550,Evan,McCue,emccuef9@gnu.org,Male,San Miguel Chicaj
551,Afton,Kubasek,akubasekfa@nationalgeographic.com,Female,Changjiang
552,Stefania,Echalier,sechalierfb@plala.or.jp,Female,Grootfontein
553,Gannon,Theobald,gtheobaldfc@networksolutions.com,Male,Apóstoles
554,Powell,Fullerlove,pfullerlovefd@hhs.gov,Male,Siemiatycze
555,Ev,Storrie,estorriefe@omniture.com,Male,Timiryazevskoye
556,Lorain,Barensky,lbarenskyff@comcast.net,Agender,Trairi
557,Wes,Pumphrey,wpumphreyfg@livejournal.com,Male,Ishikawa
558,Tessy,Pierson,tpiersonfh@geocities.com,Female,Las Terrenas
559,Trueman,Barnett,tbarnettfi@hugedomains.com,Male,Hayan Hudong
560,Judas,Robak,jrobakfj@spotify.com,Bigender,Hopetown
561,Phillida,Creffeild,pcreffeildfk@unc.edu,Female,Baguinge
562,Urbano,Maunder,umaunderfl@hexun.com,Male,Zuitou
563,Gwenette,Kedwell,gkedwellfm@webmd.com,Female,Manta
564,Mikol,Vasile,mvasilefn@hugedomains.com,Male,Simimbaan
565,Cris,Murrie,cmurriefo@addtoany.com,Male,Metsovo
566,Mandy,Enticknap,menticknapfp@constantcontact.com,Female,Addiet Canna
567,Violette,Domsalla,vdomsallafq@nydailynews.com,Female,Dalianwan
568,Corey,Scouler,cscoulerfr@forbes.com,Female,Liulin
569,Kliment,Bome,kbomefs@ovh.net,Male,Ninh Giang
570,Court,Good,cgoodft@jalbum.net,Male,Longxi
571,Hale,Inkles,hinklesfu@comcast.net,Male,Crateús
572,Wylie,O'Fogarty,wofogartyfv@hugedomains.com,Male,Chachagüí
573,Duffy,Kyteley,dkyteleyfw@e-recht24.de,Male,Arţās
574,Andrea,Farbrother,afarbrotherfx@soundcloud.com,Female,Oleksandrivka
575,Xenos,Basset,xbassetfy@facebook.com,Genderqueer,Sidamukti
576,Robbin,Norwich,rnorwichfz@lulu.com,Genderfluid,Phoenix
577,Joe,Petch,jpetchg0@goo.ne.jp,Male,Décines-Charpieu
578,Yuma,Mulhall,ymulhallg1@ycombinator.com,Male,Ujazd
579,Loralie,Dawby,ldawbyg2@tinypic.com,Female,Lukou
580,Ringo,Guys,rguysg3@europa.eu,Male,Machang
581,Nealson,Wychard,nwychardg4@lulu.com,Male,Lombog
582,Remy,Nials,rnialsg5@tumblr.com,Female,Iwatsuki
583,Tremayne,Lyddon,tlyddong6@mysql.com,Male,Dapdapan
584,Johnnie,Duckerin,jduckering7@barnesandnoble.com,Male,Khandagayty
585,Baron,Tobias,btobiasg8@wufoo.com,Male,Ludvika
586,Carmel,Merington,cmeringtong9@ucoz.com,Female,Batujaran
587,Ailbert,Ferbrache,aferbrachega@360.cn,Male,Az̧ Z̧a‘āyin
588,Alexander,Awcock,aawcockgb@xrea.com,Bigender,Liangshan
589,Douglass,Crabb,dcrabbgc@tmall.com,Male,Mounlapamôk
590,Gran,Pinkstone,gpinkstonegd@google.co.uk,Male,Dunhou
591,Melba,Zylberdik,mzylberdikge@fc2.com,Female,Olenyok
592,Chaunce,Bresner,cbresnergf@angelfire.com,Male,Huayuan
593,Tabby,Ditchett,tditchettgg@indiegogo.com,Male,Miramar
594,Priscella,Tiuit,ptiuitgh@freewebs.com,Female,Las Heras
595,Lothaire,Whellams,lwhellamsgi@ihg.com,Male,Bembèrèkè
596,Mahmoud,Thynne,mthynnegj@sbwire.com,Male,Ljusdal
597,Jenelle,Oldam,joldamgk@mapy.cz,Female,Ciduren
598,Yevette,Dinsell,ydinsellgl@stumbleupon.com,Female,Péfki
599,Norbert,Spohr,nspohrgm@parallels.com,Male,Sukasetia
600,Douglass,Baynom,dbaynomgn@sourceforge.net,Male,Novyy Svit
601,Farand,Brislawn,fbrislawngo@mapy.cz,Female,Stockholm
602,Berny,MacNelly,bmacnellygp@live.com,Female,Wuying
603,Denna,Liles,dlilesgq@ucoz.com,Female,Neklyudovo
604,Helene,Shutle,hshutlegr@hp.com,Female,Babatngon
605,Mirna,Tatterton,mtattertongs@mapquest.com,Female,Smederevo
606,Ruth,Yuryshev,ryuryshevgt@time.com,Female,Puerto Rico
607,Ev,Beinke,ebeinkegu@seattletimes.com,Male,Jawatiwa
608,Sybyl,O'Sheils,sosheilsgv@unicef.org,Female,Zhangjiaji
609,Aldric,Tschirschky,atschirschkygw@free.fr,Male,Beizhouzi
610,Gerri,Spilstead,gspilsteadgx@umich.edu,Male,Arbuzynka
611,Stanly,Potteridge,spotteridgegy@xing.com,Male,Wangmeng
612,Alys,Eliaz,aeliazgz@merriam-webster.com,Female,Shuiyuesi
613,Lloyd,Sarfass,lsarfassh0@deviantart.com,Polygender,Zhangyelu
614,Earvin,Sabathe,esabatheh1@topsy.com,Male,Al Muţayrifī
615,Ranna,Nansom,rnansomh2@cbslocal.com,Female,Arroyo Naranjo
616,Kylie,Chaffyn,kchaffynh3@ibm.com,Female,Taobei
617,Francesco,Salt,fsalth4@altervista.org,Male,Liuqiao
618,Mercie,Gwilliams,mgwilliamsh5@myspace.com,Female,Kostarea Satu
619,Terese,McConnal,tmcconnalh6@cam.ac.uk,Female,Xiangfeng
620,Osgood,Calladine,ocalladineh7@pcworld.com,Male,Dijon
621,Mose,Kenrick,mkenrickh8@ft.com,Male,Chang Klang
622,Jereme,Reglar,jreglarh9@youtube.com,Male,Toul
623,Morgen,Coraini,mcorainiha@reverbnation.com,Male,Międzyrzecz
624,Karel,Le Marquis,klemarquishb@rediff.com,Male,Beigucheng
625,Marsiella,Miner,mminerhc@wikimedia.org,Female,Shisandaogou
626,Lizette,Mellonby,lmellonbyhd@cam.ac.uk,Female,Abilay
627,Petey,Knowlton,pknowltonhe@nymag.com,Male,Gunungkencana
628,Polly,Setford,psetfordhf@themeforest.net,Female,Vilkaviskis
629,Osmond,Radbone,oradbonehg@guardian.co.uk,Male,Kebonkaret
630,Felice,Fincken,ffinckenhh@amazon.de,Male,Okhansk
631,Madelina,Spore,msporehi@4shared.com,Female,Silca
632,Rik,McAmish,rmcamishhj@who.int,Male,Amiens
633,Junia,Heeks,jheekshk@taobao.com,Female,Lazaro Cardenas
634,Ursala,Fulks,ufulkshl@w3.org,Female,Sharkawshchyna
635,Linnie,Zanre,lzanrehm@deliciousdays.com,Female,Pabean
636,Sterling,Ten Broek,stenbroekhn@mozilla.com,Genderqueer,Pawa
637,Josh,Deerness,jdeernessho@quantcast.com,Male,Namur
638,Engelbert,Edghinn,eedghinnhp@usatoday.com,Male,Genteng
639,Elayne,Filewood,efilewoodhq@princeton.edu,Female,Tomarovka
640,Karen,Calwell,kcalwellhr@simplemachines.org,Female,Chaloem Phra Kiat
641,Emmit,Midgely,emidgelyhs@phoca.cz,Male,San Rafael
642,Yankee,Creevy,ycreevyht@google.es,Male,Talanga
643,Kendrick,Kornacki,kkornackihu@altervista.org,Male,Kidodi
644,Guillermo,Glazer,gglazerhv@thetimes.co.uk,Male,Fada N'gourma
645,Elbertina,Hopfer,ehopferhw@psu.edu,Female,Saint-Claude
646,Thorstein,Scarf,tscarfhx@ft.com,Genderfluid,Luzhai
647,Zorana,Brameld,zbrameldhy@va.gov,Female,Klavdiyevo-Tarasove
648,Hew,Acland,haclandhz@github.io,Male,Kragan
649,Brockie,Raft,brafti0@1und1.de,Genderqueer,Olafulihaa
650,Frants,Catherine,fcatherinei1@imgur.com,Male,Voyutychi
651,Antons,Maycock,amaycocki2@biblegateway.com,Male,Täby
652,Purcell,Aire,pairei3@taobao.com,Male,Bouillon
653,Kyle,Everit,keveriti4@ovh.net,Male,Luboń
654,Darby,Hover,dhoveri5@edublogs.org,Female,Isawa
655,Bernadette,Gale,bgalei6@cbsnews.com,Female,Kantharalak
656,Althea,Cavanaugh,acavanaughi7@posterous.com,Female,Al Hilāliyya
657,Vinnie,Sargison,vsargisoni8@is.gd,Male,Xiping
658,Pierrette,Katt,pkatti9@taobao.com,Female,San Pedro
659,Ancell,Morgan,amorgania@storify.com,Male,Guomaying
660,Kyrstin,Croan,kcroanib@list-manage.com,Female,Ziyuan
661,Daphene,Ahlf,dahlfic@ted.com,Female,Tacoma
662,Suki,Bonass,sbonassid@intel.com,Female,Bromma
663,Terrance,Toyer,ttoyerie@ocn.ne.jp,Male,Mtwango
664,Nan,Cartmer,ncartmerif@disqus.com,Female,Örebro
665,Constantine,Boeter,cboeterig@eepurl.com,Female,Barubandung
666,Debby,Kienle,dkienleih@deviantart.com,Female,Pashkovskiy
667,Remington,Benka,rbenkaii@theguardian.com,Male,Jinghai
668,Stanton,Febre,sfebreij@mapquest.com,Male,Yazd
669,Nanon,Norfolk,nnorfolkik@hubpages.com,Female,Jiangshan
670,Hugues,Dinnies,hdinniesil@stumbleupon.com,Male,Huanren
671,Becka,Dei,bdeiim@instagram.com,Female,Santa Quitéria do Maranhão
672,Hazel,Slite,hslitein@msn.com,Female,Las Carreras
673,Hilary,Shoutt,hshouttio@mozilla.com,Female,Ribeirópolis
674,Thorstein,GiacobbiniJacob,tgiacobbinijacobip@paypal.com,Male,Ilhabela
675,Cariotta,Fewlass,cfewlassiq@rakuten.co.jp,Female,Cookshire-Eaton
676,Annis,Tucker,atuckerir@nyu.edu,Female,Ballyjamesduff
677,Kala,Boram,kboramis@chron.com,Female,Tallkalakh
678,Adelina,McKall,amckallit@4shared.com,Female,Borovlyany
679,Darcee,Kingman,dkingmaniu@issuu.com,Female,Hobo
680,Ebeneser,Cowlard,ecowlardiv@tamu.edu,Male,Villa Concepción del Tío
681,Antons,MacRory,amacroryiw@prlog.org,Male,Zhendong
682,Winslow,Hake,whakeix@shutterfly.com,Male,Příbor
683,Ram,Kuhl,rkuhliy@flickr.com,Male,Brades
684,Frances,Belliveau,fbelliveauiz@columbia.edu,Female,Moreno
685,Eliot,Udey,eudeyj0@wikimedia.org,Male,Buyant
686,Nikita,Martynka,nmartynkaj1@cisco.com,Male,Sabanagrande
687,Lanie,Lancastle,llancastlej2@1688.com,Male,Nyandoma
688,Sidonnie,Ruane,sruanej3@cnn.com,Female,Créteil
689,Aloin,Pimme,apimmej4@paginegialle.it,Male,Cà Mau
690,Appolonia,Bedford,abedfordj5@mysql.com,Female,Shushenskoye
691,Bastien,Treker,btrekerj6@reference.com,Male,Lindavista
692,Pansie,Pert,ppertj7@yelp.com,Female,Lille
693,Elston,Di Ruggero,ediruggeroj8@globo.com,Male,Sechelt
694,Imojean,Peckham,ipeckhamj9@nydailynews.com,Female,Dawuhan
695,Devon,Dumphries,ddumphriesja@opensource.org,Female,Kurashiki
696,Miltie,Treasure,mtreasurejb@stanford.edu,Male,Xiantang
697,Kellen,Damerell,kdamerelljc@spotify.com,Male,Munggang
698,Loutitia,Keeri,lkeerijd@cnn.com,Female,Międzyzdroje
699,Lynda,Simmig,lsimmigje@dion.ne.jp,Female,Krajan Winong
700,Richy,Ridgers,rridgersjf@opera.com,Male,Sobotka
701,Wilek,Nisot,wnisotjg@sciencedaily.com,Male,San Fernando
702,Gwyn,Carse,gcarsejh@cam.ac.uk,Female,Gostivar
703,Cary,Reddings,creddingsji@icq.com,Male,Szlachta
704,Shaylyn,Bentson,sbentsonjj@jiathis.com,Female,Ghormach
705,Renault,Knevet,rknevetjk@tiny.cc,Male,General Roca
706,Berty,Scrooby,bscroobyjl@baidu.com,Female,Mirsíni
707,Melisenda,MacGlory,mmacgloryjm@admin.ch,Female,Vónitsa
708,Marilyn,Easdon,measdonjn@washingtonpost.com,Female,Taiba
709,Udall,Gunn,ugunnjo@ycombinator.com,Male,Brooklyn
710,Sybil,Radnedge,sradnedgejp@princeton.edu,Female,Valence
711,Laurens,Sergeant,lsergeantjq@globo.com,Male,Candijay
712,Federico,Caveau,fcaveaujr@booking.com,Male,Ganting
713,Sigfrid,Bick,sbickjs@blinklist.com,Male,Athabasca
714,Huntlee,McTague,hmctaguejt@webnode.com,Male,Karangmulyo
715,Mareah,Leefe,mleefeju@yellowbook.com,Female,Mentoro Wetan
716,Findley,MacKnight,fmacknightjv@indiegogo.com,Polygender,Galatás
717,Yolanda,Sansome,ysansomejw@elpais.com,Female,Haodian
718,Kayle,Eberdt,keberdtjx@cloudflare.com,Female,El Alamo
719,Terrell,Milroy,tmilroyjy@columbia.edu,Male,Konibodom
720,Dana,Sawl,dsawljz@ihg.com,Female,Quemú Quemú
721,Latisha,Groombridge,lgroombridgek0@twitter.com,Female,Bobigny
722,Earvin,Janosevic,ejanosevick1@cbslocal.com,Male,Primorsko-Akhtarsk
723,Bobby,Pydcock,bpydcockk2@facebook.com,Male,Ibeto
724,Carlotta,Spenley,cspenleyk3@webeden.co.uk,Female,Singgit
725,Flore,Ghirardi,fghirardik4@cnbc.com,Female,Ron Phibun
726,Geno,Colhoun,gcolhounk5@dmoz.org,Male,Tindog
727,Sawyere,Fance,sfancek6@jalbum.net,Male,Duancun
728,Aimee,Blanchette,ablanchettek7@bravesites.com,Female,Niort
729,Ann-marie,Aldwich,aaldwichk8@sbwire.com,Female,Maslovare
730,Somerset,Jackson,sjacksonk9@freewebs.com,Male,Kaduengang
731,Art,Bramont,abramontka@loc.gov,Male,Sundsvall
732,Lucila,Woolbrook,lwoolbrookkb@comsenz.com,Genderqueer,Tekeli
733,Terese,Mattiassi,tmattiassikc@ft.com,Female,Camajuaní
734,Myriam,Nabbs,mnabbskd@ezinearticles.com,Female,Sotomayor
735,Ronalda,Lyngsted,rlyngstedke@ifeng.com,Female,Nuamuzi
736,Tammy,Smye,tsmyekf@reverbnation.com,Female,New-Richmond
737,Devon,Ricardet,dricardetkg@digg.com,Female,Beya
738,Jakie,Lambrick,jlambrickkh@netscape.com,Male,Despotovac
739,Tory,Carabet,tcarabetki@stanford.edu,Female,Soledad
740,Upton,Kenvin,ukenvinkj@un.org,Male,Ystad
741,Gerianne,Bacup,gbacupkk@nps.gov,Female,Lapinjärvi
742,Alena,Glader,agladerkl@istockphoto.com,Female,Dadukou
743,Celine,Henri,chenrikm@blinklist.com,Female,Citampian
744,Brockie,Fursey,bfurseykn@vk.com,Male,Jamshoro
745,Nikolos,Bostick,nbostickko@surveymonkey.com,Male,Jaboatão
746,Rolland,Gergely,rgergelykp@mtv.com,Male,Bunog
747,Eudora,Etches,eetcheskq@prweb.com,Genderqueer,Nový Hrozenkov
748,Antonia,Bertrand,abertrandkr@unicef.org,Female,Arvidsjaur
749,Annie,Jeenes,ajeenesks@unc.edu,Female,Powassan
750,Korrie,Burk,kburkkt@t.co,Female,Maagnas
751,Celka,Hritzko,chritzkoku@networksolutions.com,Female,Juranalas
752,Earl,Hindenburg,ehindenburgkv@weather.com,Male,Varkaus
753,Brady,Crawforth,bcrawforthkw@last.fm,Male,Gorē
754,Dill,Courtenay,dcourtenaykx@epa.gov,Male,Kumalarang
755,Wendel,Point,wpointky@mozilla.org,Male,Paris 12
756,Jerrilyn,Lamb,jlambkz@businessweek.com,Female,Ängelholm
757,Tobin,McCully,tmccullyl0@alexa.com,Male,Airmolek
758,Bert,Crepel,bcrepell1@tripadvisor.com,Female,Nanjin
759,Katie,Laurant,klaurantl2@g.co,Female,Moshiyi
760,Cass,Pilbeam,cpilbeaml3@creativecommons.org,Female,Limbo
761,Orland,Piddlesden,opiddlesdenl4@addthis.com,Male,Pyhäntä
762,Rora,Caush,rcaushl5@answers.com,Female,Santa Cruz Balanyá
763,Robinet,Filyakov,rfilyakovl6@rakuten.co.jp,Male,Erqu
764,Leisha,Lamberti,llambertil7@yandex.ru,Female,Ajuy
765,Ann,Tipton,atiptonl8@virginia.edu,Genderfluid,Caramay
766,Rozelle,Dyhouse,rdyhousel9@digg.com,Genderqueer,Umeå
767,Kirstyn,McGuinness,kmcguinnessla@netvibes.com,Female,Sawahan
768,Adrien,Vinnick,avinnicklb@home.pl,Male,Bintawan
769,Betty,Dole,bdolelc@wordpress.org,Female,Hengdian
770,Kleon,Seviour,kseviourld@discovery.com,Male,Jiuzhai
771,Mortimer,Garroch,mgarrochle@usnews.com,Male,Águas
772,Burnard,Swaine,bswainelf@opera.com,Male,Queimados
773,Carlie,McGeechan,cmcgeechanlg@netlog.com,Male,Shāhdādkot
774,Elie,Cardillo,ecardillolh@csmonitor.com,Female,Jinbo
775,Georgena,Geaney,ggeaneyli@engadget.com,Female,Parchowo
776,Micky,Tosh,mtoshlj@blogger.com,Male,Sezemice
777,Lindsey,Nowaczyk,lnowaczyklk@cam.ac.uk,Genderqueer,Samaipata
778,Nita,Elderfield,nelderfieldll@g.co,Female,Yashikera
779,Torie,Dowker,tdowkerlm@go.com,Female,Carolina
780,Cecilia,Gubbin,cgubbinln@com.com,Female,Parramos
781,Eddie,Bosson,ebossonlo@whitehouse.gov,Male,Abbeville
782,Katie,Paskin,kpaskinlp@tinypic.com,Female,Cherkasskoye
783,Athene,Ash,aashlq@gizmodo.com,Female,Dawangzhuang
784,Chicky,Tanner,ctannerlr@unesco.org,Male,Kasama
785,Andre,Hargey,ahargeyls@domainmarket.com,Bigender,Xitiangezhuang
786,Kalil,Hammerstone,khammerstonelt@hp.com,Male,La Sabana
787,Terry,Arpur,tarpurlu@goo.ne.jp,Female,Kretinga
788,Jewel,Girone,jgironelv@nhs.uk,Female,Ocumare de la Costa
789,Pippa,Whales,pwhaleslw@berkeley.edu,Genderqueer,Ponta Grossa
790,Gradey,Leist,gleistlx@wired.com,Male,Tangjiakou
791,Aridatha,Breslane,abreslanely@pinterest.com,Female,Novosemeykino
792,Padraig,Mulvihill,pmulvihilllz@zdnet.com,Agender,Shāhīn Dezh
793,Woodman,Fiddy,wfiddym0@weather.com,Male,Medvezh’yegorsk
794,Alyosha,Torrie,atorriem1@addtoany.com,Male,Olímpia
795,Raffarty,Trencher,rtrencherm2@lycos.com,Male,Sarimukti Kaler
796,Bary,Deplacido,bdeplacidom3@narod.ru,Male,Laizhou
797,Jeramey,Stocky,jstockym4@usa.gov,Male,Nanto-shi
798,Illa,Craighead,icraigheadm5@weibo.com,Female,Hengshanqiao
799,Moss,Nolleth,mnollethm6@mozilla.org,Male,Uji
800,Trude,Bastow,tbastowm7@google.de,Agender,Yinla
801,Myrilla,Stopper,mstopperm8@issuu.com,Female,Đống Đa
802,Marty,Matyashev,mmatyashevm9@sun.com,Male,Farap
803,Kermie,Saich,ksaichma@yellowbook.com,Male,Hongxing
804,Mendy,Dugald,mdugaldmb@discovery.com,Male,Surkhakhi
805,Franky,Beyn,fbeynmc@technorati.com,Male,Kingston
806,Melisande,Chadbourne,mchadbournemd@digg.com,Female,Ia Kha
807,Leopold,Grimwad,lgrimwadme@elegantthemes.com,Male,Tōgane
808,Bernita,Kornyshev,bkornyshevmf@ifeng.com,Female,Vyborg
809,Nick,Merricks,nmerricksmg@xing.com,Male,Novorozhdestvenskaya
810,Haroun,Heiton,hheitonmh@exblog.jp,Male,Montpellier
811,Zollie,Jellybrand,zjellybrandmi@simplemachines.org,Male,San Isidro
812,Crissy,Raggitt,craggittmj@bbb.org,Female,Māmūnīyeh
813,Loraine,Reason,lreasonmk@hhs.gov,Female,Ningyuan
814,Tuesday,Redding,treddingml@imageshack.us,Female,Yanhe
815,Fania,Vanichev,fvanichevmm@toplist.cz,Non-binary,Kanoya
816,Britt,Karadzas,bkaradzasmn@xrea.com,Female,Laspezia
817,Shurlocke,Foucard,sfoucardmo@deviantart.com,Male,Kawambwa
818,Nolly,Astley,nastleymp@freewebs.com,Male,Armenia
819,Eden,Wishkar,ewishkarmq@etsy.com,Female,Espinal
820,Riannon,Denekamp,rdenekampmr@yahoo.co.jp,Female,Līvāni
821,Miltie,Ply,mplyms@nyu.edu,Male,Bandar ‘Abbās
822,Jeanelle,Deegin,jdeeginmt@java.com,Female,Wanquan
823,Gill,Icke,gickemu@histats.com,Male,Fuxing
824,Freddie,Auguste,faugustemv@smh.com.au,Male,Bendosewu
825,Curry,Bing,cbingmw@wufoo.com,Male,Hrvatska Kostajnica
826,Barri,Congreve,bcongrevemx@loc.gov,Male,Kunčice pod Ondřejníkem
827,Ruprecht,McNeely,rmcneelymy@sbwire.com,Male,Ballivor
828,Artemas,Cheyne,acheynemz@google.it,Male,Haumeni
829,Aylmer,Gallager,agallagern0@ebay.com,Male,Yushikalasu
830,Carolynn,Dunphy,cdunphyn1@go.com,Female,Chervone
831,Livvy,Goadbie,lgoadbien2@biglobe.ne.jp,Female,Selebi-Phikwe
832,Talbert,Fieldstone,tfieldstonen3@hp.com,Genderqueer,Aurora
833,Skippy,Luberti,slubertin4@google.ca,Male,An Lão
834,Hugues,Brosini,hbrosinin5@google.es,Male,Petrokamenskoye
835,Rodrick,Suttie,rsuttien6@behance.net,Male,Cizhu
836,Cordelia,Tidbold,ctidboldn7@ucsd.edu,Female,Dancheng
837,Franky,Geldert,fgeldertn8@miibeian.gov.cn,Female,Marčelji
838,Rickie,Opdenort,ropdenortn9@pbs.org,Male,Yasenevo
839,Eli,Ibert,eibertna@bigcartel.com,Male,Tagnanan
840,Giorgio,Greatland,ggreatlandnb@csmonitor.com,Male,Aheloy
841,Archy,Cotelard,acotelardnc@arstechnica.com,Male,Gyangqai
842,Jillane,Habble,jhabblend@mapquest.com,Female,Magole
843,Jerry,Fagence,jfagencene@fotki.com,Agender,Palaihari
844,Sacha,Artrick,sartricknf@sogou.com,Female,Alah Sāy
845,Philippine,Smead,psmeadng@mysql.com,Female,Māymay
846,Rudiger,Corcoran,rcorcorannh@jiathis.com,Male,Shangde
847,Marilyn,Simco,msimconi@ebay.com,Female,Sergiyev Posad
848,Krista,Gieves,kgievesnj@godaddy.com,Female,Laascaanood
849,Trace,Ville,tvillenk@usgs.gov,Male,Guarujá
850,Lenee,Facchini,lfacchininl@free.fr,Female,Gualeguaychú
851,Lewie,Bartalini,lbartalininm@constantcontact.com,Male,Bonik
852,Toby,Kleingrub,tkleingrubnn@ca.gov,Female,Chirilagua
853,Lexy,Le Gallo,llegallono@opensource.org,Genderqueer,Ostrogozhsk
854,Iseabal,Whittle,iwhittlenp@facebook.com,Bigender,Hougaoshizhuang
855,Germaine,Murrey,gmurreynq@spiegel.de,Genderfluid,Zwolle
856,Rosalinda,Rittmeier,rrittmeiernr@dmoz.org,Female,Kedungdoro
857,Elvera,Maltster,emaltsterns@xinhuanet.com,Female,San Juan
858,Ketti,Menchenton,kmenchentonnt@people.com.cn,Female,Fornos
859,Hamlin,Vitler,hvitlernu@wikia.com,Male,Palumbungan
860,Reed,Stops,rstopsnv@digg.com,Male,Nōgata
861,Rinaldo,Deery,rdeerynw@pcworld.com,Male,Chicago
862,Kendall,Caseri,kcaserinx@g.co,Male,Pępowo
863,Selma,Pauluzzi,spauluzziny@wisc.edu,Female,Siquanpu
864,Creigh,Jira,cjiranz@mac.com,Male,Pinhão
865,Bernadine,Alforde,balfordeo0@ebay.com,Female,Wissembourg
866,Reilly,Skey,rskeyo1@zimbio.com,Male,Combita
867,Tobe,Casina,tcasinao2@sina.com.cn,Female,Mŭglizh
868,Lion,McBrier,lmcbriero3@cbc.ca,Male,Neftegorsk
869,Jordana,Clausen,jclauseno4@exblog.jp,Female,Rasskazovo
870,Weider,Mattock,wmattocko5@opera.com,Male,Caikouji
871,Cate,Kellett,ckelletto6@washington.edu,Female,Morcellemont Saint André
872,Anatole,Callf,acallfo7@angelfire.com,Male,West End
873,Eliza,Bown,ebowno8@sphinn.com,Female,Ngrejo
874,Marylin,Tranckle,mtranckleo9@chicagotribune.com,Female,Caihua
875,Vikky,Logesdale,vlogesdaleoa@dedecms.com,Female,Mrganush
876,Viviana,Ruske,vruskeob@wordpress.com,Genderfluid,Bacuyangan
877,Christyna,Ulyat,culyatoc@ucla.edu,Genderfluid,Shanglian
878,Jess,Blewis,jblewisod@friendfeed.com,Female,Zuolan
879,Desirae,Carayol,dcarayoloe@gov.uk,Female,Menzel Jemil
880,Morly,Anselm,manselmof@meetup.com,Male,Hyesan-dong
881,Sheppard,Bernhardi,sbernhardiog@theatlantic.com,Male,Yavne
882,Emmerich,Colisbe,ecolisbeoh@paginegialle.it,Polygender,Būrewāla
883,Flinn,Plampeyn,fplampeynoi@baidu.com,Male,Si Sa Ket
884,Chrissie,Corry,ccorryoj@ebay.co.uk,Male,København
885,Skyler,Cobleigh,scobleighok@vistaprint.com,Male,Vårby
886,Dacey,Bruckstein,dbrucksteinol@lulu.com,Female,Fangshan
887,Tessa,Dawley,tdawleyom@shareasale.com,Female,Portarlington
888,Skell,Steffens,ssteffenson@usnews.com,Male,Kaligutan
889,Nikolai,Leonards,nleonardsoo@csmonitor.com,Male,Gose
890,Olimpia,Cloonan,ocloonanop@princeton.edu,Female,Boromlya
891,Brodie,Spurrior,bspurrioroq@tinyurl.com,Male,Nielisz
892,Shana,Besnardeau,sbesnardeauor@microsoft.com,Female,Majagual
893,Kimmi,Wakeford,kwakefordos@cnbc.com,Female,Lazaro Cardenas
894,Elga,Perl,eperlot@google.es,Female,Wuhao
895,Eleanore,Berens,eberensou@yelp.com,Female,Sidon
896,Calida,Pine,cpineov@360.cn,Female,Kisovec
897,Chev,Braghini,cbraghiniow@purevolume.com,Male,Varniai
898,Pascale,Wolfenden,pwolfendenox@51.la,Male,Tân Hiệp
899,Remus,Creddon,rcreddonoy@webmd.com,Male,Puncakbaru
900,Bianca,Rockell,brockelloz@slideshare.net,Female,Debrecen
901,Reese,Swoffer,rswofferp0@zdnet.com,Male,Cucuyagua
902,May,Bartalot,mbartalotp1@woothemes.com,Female,Niterói
903,Tadd,Fanstone,tfanstonep2@homestead.com,Male,Messíni
904,Fonsie,Dungay,fdungayp3@exblog.jp,Male,Taikang
905,Inigo,Deighton,ideightonp4@moonfruit.com,Agender,Połaniec
906,Halley,Muffen,hmuffenp5@github.io,Female,Navatat
907,Levey,MacDonogh,lmacdonoghp6@github.com,Male,Labog
908,Maurie,Shuard,mshuardp7@cbc.ca,Male,Hekou
909,Anselm,Hayzer,ahayzerp8@marriott.com,Male,Owen Sound
910,Dodi,Erbain,derbainp9@wikimedia.org,Female,Baimaqiao
911,Crissy,Rable,crablepa@hubpages.com,Female,Puerto Berrío
912,Milty,Tribell,mtribellpb@addtoany.com,Male,Xuebu
913,Indira,Ruit,iruitpc@whitehouse.gov,Female,Novopokrovskaya
914,Quinlan,Edgley,qedgleypd@bloomberg.com,Male,Kalýves Polygýrou
915,Valdemar,Pearn,vpearnpe@vkontakte.ru,Male,La Unión
916,Cecil,Ramlot,cramlotpf@tinypic.com,Female,Dongping
917,Hayley,Steeples,hsteeplespg@tuttocitta.it,Female,Liucheng
918,Nathalia,Feasey,nfeaseyph@rambler.ru,Female,Marugame
919,Agnesse,Arney,aarneypi@wikipedia.org,Female,Chapadinha
920,Fabian,Guirardin,fguirardinpj@sphinn.com,Male,Bohai
921,Adolphe,Bazley,abazleypk@indiegogo.com,Male,Careva Ćuprija
922,Caddric,Scotchbourouge,cscotchbourougepl@smh.com.au,Male,Iitti
923,Dacia,Scarff,dscarffpm@com.com,Female,Quinta
924,Jessalin,Renn,jrennpn@nyu.edu,Female,Likiep
925,Rosene,Blackborow,rblackborowpo@patch.com,Female,Rokitno Szlacheckie
926,Jeannette,Valder,jvalderpp@thetimes.co.uk,Female,Bahe
927,Freddie,Wakelam,fwakelampq@skyrock.com,Female,Santa Catalina Norte
928,Louisette,Hembery,lhemberypr@apple.com,Female,Tolbazy
929,Nicola,Sabater,nsabaterps@sitemeter.com,Female,Ombarade
930,Foss,Lante,flantept@prlog.org,Male,Yandian
931,Gregor,Gottschalk,ggottschalkpu@cbc.ca,Male,Titao
932,Klaus,Moody,kmoodypv@vk.com,Male,Horka nad Moravou
933,Ennis,Thom,ethompw@istockphoto.com,Male,Le Perreux-sur-Marne
934,Stepha,MacIllrick,smacillrickpx@jigsy.com,Female,Aba
935,Hanan,Penticost,hpenticostpy@ning.com,Male,Sambonggede
936,Shaylyn,Silvers,ssilverspz@examiner.com,Female,Haolibao
937,Howard,Yeabsley,hyeabsleyq0@sogou.com,Male,Reckange-sur-Mess
938,Modesta,O'Noland,monolandq1@nature.com,Female,Kolor
939,Gracie,Mion,gmionq2@walmart.com,Female,Bolian
940,Darwin,Bunton,dbuntonq3@blog.com,Male,Shreveport
941,Jaimie,McKelloch,jmckellochq4@ucoz.ru,Male,Bukabu
942,Robyn,Masserel,rmasserelq5@edublogs.org,Female,Taoling
943,Algernon,Lown,alownq6@time.com,Male,Pasirhuni
944,Tonya,Meriet,tmerietq7@icio.us,Female,Carahue
945,Jacob,Colquhoun,jcolquhounq8@exblog.jp,Male,Aranitas
946,Egan,Mac Giany,emacgianyq9@ted.com,Male,Bayangol
947,Chloris,Pressman,cpressmanqa@umn.edu,Female,Dadian
948,Pearce,Galle,pgalleqb@deliciousdays.com,Male,Huangqiao
949,Gerry,Farrance,gfarranceqc@accuweather.com,Female,Pankshin
950,Benoit,Shorrock,bshorrockqd@icq.com,Male,Benito Juarez
951,Kelly,Remer,kremerqe@soundcloud.com,Male,San Cosme y Damián
952,Lind,Quinevan,lquinevanqf@google.com.au,Female,Ourozinho
953,Krystalle,Golder,kgolderqg@goo.gl,Female,Périgny
954,Beltran,Rosenwald,brosenwaldqh@bandcamp.com,Male,Xiaodukou
955,Roderich,Elmes,relmesqi@nih.gov,Male,Fengniancun
956,Miquela,Kemet,mkemetqj@booking.com,Female,Nangtang
957,Jackie,Basilone,jbasiloneqk@webmd.com,Male,Forssa
958,Aurore,Al Hirsi,aalhirsiql@stumbleupon.com,Female,Gabao
959,Marlena,Read,mreadqm@blogs.com,Female,Alqueidão
960,Raphael,Durran,rdurranqn@feedburner.com,Male,Guradog
961,Gerti,Brownhill,gbrownhillqo@pinterest.com,Female,Velykyy Klyuchiv
962,Twila,Keywood,tkeywoodqp@toplist.cz,Female,Ust’-Uda
963,Annnora,Karlqvist,akarlqvistqq@auda.org.au,Female,Nanjing
964,Bank,MacSween,bmacsweenqr@ifeng.com,Male,Jinghai
965,Kissee,Sandaver,ksandaverqs@hao123.com,Genderqueer,Vista Hermosa
966,Barbey,Rebbeck,brebbeckqt@fc2.com,Female,Dno
967,Katharyn,Marris,kmarrisqu@hao123.com,Female,Konstantynów
968,Marlyn,Staries,mstariesqv@sina.com.cn,Female,Vilhelmina
969,Christos,Redwall,credwallqw@reverbnation.com,Male,Santa Cruz
970,Nicky,Mildenhall,nmildenhallqx@accuweather.com,Female,Phlapphla Chai
971,Reidar,Geratt,rgerattqy@msu.edu,Male,Montonggamang
972,Carma,Olivier,colivierqz@vkontakte.ru,Female,Ostankinskiy
973,Morna,Calafate,mcalafater0@youku.com,Non-binary,Isangel
974,Sybille,Gauler,sgaulerr1@mayoclinic.com,Female,Fradelos
975,Conrado,Brissenden,cbrissendenr2@marketwatch.com,Male,Santai
976,Spencer,Woodes,swoodesr3@sphinn.com,Male,Tzaneen
977,Anneliese,Chidwick,achidwickr4@ocn.ne.jp,Female,Bastia
978,Pren,Morlon,pmorlonr5@arizona.edu,Male,Compiègne
979,Hillard,Servant,hservantr6@bluehost.com,Male,Lins
980,Emelina,Dearle-Palser,edearlepalserr7@cpanel.net,Female,Xiatang
981,Hazel,Howland,hhowlandr8@columbia.edu,Male,White Rock
982,Laurene,Crepin,lcrepinr9@unblog.fr,Bigender,Yangirabot
983,Jamaal,Medford,jmedfordra@moonfruit.com,Male,Sanhe
984,Katrinka,Roote,krooterb@cyberchimps.com,Female,Muesanaik
985,Marvin,Sheards,msheardsrc@g.co,Male,Bořetice
986,Octavia,Devinn,odevinnrd@blog.com,Female,Gotovlje
987,Ginger,Marsland,gmarslandre@dailymotion.com,Genderqueer,Tapas
988,Rhys,Gisby,rgisbyrf@freewebs.com,Polygender,Kościelec
989,Lurlene,Olifard,lolifardrg@marketwatch.com,Female,Thai Charoen
990,Auroora,Bertot,abertotrh@si.edu,Female,Hangchuan
991,Gwendolyn,Nockalls,gnockallsri@walmart.com,Female,Espinho
992,Bertine,O'Crowley,bocrowleyrj@fc2.com,Female,Coronel Vivida
993,Jannel,Knotton,jknottonrk@yandex.ru,Female,Nove-Misto
994,Toiboid,Broady,tbroadyrl@forbes.com,Male,Wiri
995,Griffin,Durnford,gdurnfordrm@wordpress.com,Male,Pindi Gheb
996,Margeaux,Breitler,mbreitlerrn@g.co,Female,Rendeng
997,Elyssa,Izhaky,eizhakyro@cloudflare.com,Female,Cibeureum
998,Morty,Rothery,mrotheryrp@joomla.org,Male,Dokolo
999,Gabbey,Matveichev,gmatveichevrq@google.co.jp,Female,Chinchaypujio
1000,Jermaine,Tregea,jtregearr@jugem.jp,Male,Zhengguo
